LINE_START_NAME,LINE_END_NAME
Унутрашњи круг,Спољашњи круг
Омладински стадион,Кнежевац
Kaлемегдан /Доњи град/,Устаничка
Ташмајдан,Устаничка
Устаничка,Блок 45
Бањица,Блок 45
Калемегдан /Доњи град/,Бањица 
Калемегдан /Доњи град/,Блок 45
Омладински стадион,Баново брдо
Устаничка,Бањица
Зелени венац,Земун /Нови град/
Карабурма 2,Нови Београд /Павиљони/
Коњарник,Земун /Горњи град/
Медаковић 3,Земун /Бачка/
Студентски трг,Коњарник
Миријево 3,Велики Mокри луг
Трг Славија,Учитељско насеље
Трг Славија,Крушевачка
Карабурма 2,Видиковац
Дорћол /СРЦ Милан Гале Мушкатировић/,Неимар
Карабурма 2,Кумодраж 2
Дорћол /Дунавска/,Насеље Браће Јерковић
Трг Републике,Миријево 3
Студентски трг,Звездара
Студентски трг,Медаковић 3
Бирчанинова,Медаковић 2
Студентски трг,Коњарник
Вуков споменик,Вишњица
ЖС Панчевачки мост,Кумодраж
Топчидерско брдо (Сењак),Пере Велимировића
Нови Београд (Блок 20),Лешће /гробље/
Железничка станица БГД центар,Железничка станица БГД центар
Железничка станица Панчевачки мост,Кнежевац
Шумице - Погон Космај,Велики Мокри луг
Бирчанинова,Кумодраж 1
Звездара,Бањица 2
Студентски трг,Бањица 2
Бирчанинова,Петлово брдо
Трг Републике,Котеж
Топчидерско брдо /Сењак/,Железничка станица Дунав
Блок 44,Земун /Нови град/
Савски трг,Миријево
Бирчанинова,Железничка станица Ресник
Железничка станица Панчевачки мост,Миљаковац 3
Баново Брдо,Насеље Степа Степановић
Устаничка,Баново брдо
Савски трг,Беле Воде
Зелени Венац,Церак Виногради
Зелени Венац, Видиковац
Миљаковац,МЗ Макиш
Звездара,Стари Железник
Зелени Венац,Петлово брдо
Баново брдо,Баново брдо
Железничка станица Панчевачки мост,Нови Железник
Славија/Бирчанинова,Петлово брдо
Зелени Венац,Нови Београд /Топлана/
Звездара 2,Ново Бежанијско Гробље
Вуков споменик,Научно-технолошки парк Звездар
Зелени Венац,Нови Београд /Блок 70А/ 
Зелени Венац,Нови Београд /Блок 70/ 
Го Нови Београд,Депо Сава
Бежанијска коса,ИКЕА
Зелени Венац,Бежанија /Ледине/
Зелени Венац,Аеродром Никола Тесла
Нови Београд /Блок 45/ ,Батајница /Железничка Станица/
Бежанијска Коса,Миријево 3
Зелени Венац,Бежанијска Коса
Нови Београд /Блок 70А/ ,Бежанијска Коса/Болница/
Звездара,Бежанијска Коса/Болница/
Бањица 2,Земун /Нови Град/ 
Дорћол /СРЦ Милан Гале Мушкатировић/,Миријево 4 
Нови Београд/Павиљони/,Алтина1
Земун /Кеј Ослобођења/,Блок 44 
Црвени Крст,Земун /Бачка/
Зелени Венац,Нова Галеника
Баново брдо,Борча 3
Чукаричка  Падина,Чукаричка  Падина
Земун /Кеј Ослобођења/,Нови Железник
Видиковац,Нови Београд /Блок 72/ 
Савска (окретница),Остружница /Ново Насеље/
Балканса,Остружница /Караула/
Нови Београд /Блок 45/ ,Ресник /Едварда Грига/
Нови Београд /Блок 45/ ,Борча 3
ЖС Панчевачки мост,Борча 3
Омладински Стадион,Падинска Скела
Падинска Скела,Врбовски /Широка греда/
Омладински Стадион,Црвенка
Омладински Стадион,Овча /Железничка Станица/
Омладински Стадион,Јабучки Рит
Падинска Скела,Дунавац
Омладински Стадион,Рева /Дубока Бара/
Падинска Скела,Стајалиште Пут за Дунавац
Падинска скела,Пут за Врбовски
Омладински Стадион,Велико Село
Устаничка,Бегаљица
Устаничка,Врчин
Устаничка,Ритопек
Устаничка,Болеч
Устаничка,Бубањ Поток
Устаничка,Винча
Шумице,Велики Мокри луг
Звездара /Пијаца/,Калуђерица
Шумице,Мали мокри луг
Устаничка,Лештане (Раван)
МЗ Велики мокри луг,МЗ Велики мокри луг
Вождовац,Врх Авале
Славија /Бирчанинова/,Пиносава
Славија /Бирчанинова/,Бели поток
Вождовац,Зуце
Бела река,Трешња /окретница/ 
Вождовац,Глумчево Брдо
Вождовац,Пиносава
Вождовац,Бела Река
Вождовац,Раља /Друмине/
Вождовац-Јајинци-улица Ружа,Вождовац
Петлово брдо,Старо Кијево
Миљаковац 1,ОРЛОВАЧА /ГРОБЉЕ/
Вождовац ,Ресник /Железничка Станица/ 
Видиковац,Ресник /Железничка Станица/
Миљаковац 1,Миљаковачке стазе
Ресник (Едварда Грига),Ресник (Патин мајдан)
Кнежевац,Рушањ (Дробњачки крај)
Балканска,Сремчица 
Баново Брдо,Сремчица /Насеље Горица/
Сремчица /Насеље Горица/,Велика Моштаница
Видиковац,Железник /Тараиш/
Баново Брдо,Рушањ /13. септембра/
Баново Брдо,Рушањ /Ослобођења/
Баново Брдо,Орловача /Гробље/
Церак Виногради,Рипањ /гробље/
Савска (окретница),Сремчица
Главна Железничка Станица,Умка
Савска (окретница),Руцка
Балканска,Сурчин
Блок 44,СРЦ Сурчин
Бежанија/Ледине/,Угриновци
Нови Београд /Блок 45/ ,Прека Калдрма
Нови Београд /Блок 45/ ,Прогар
Добановци,Грмовац
Нови Београд /Павиљони/,Сурчин
Земун /Кеј Ослобођења/,Јаково
Земун /Кеј Ослобођења/,Добановци
Нови Београд /Павиљони/,НоваГаленика
Нови Београд /Павиљони/,Радиофар
Батајница /Железничка Станица/,Батајница /Железничка Станица/
Батајница /Железничка Станица/,Бусије /Црква/ 
Земун /Кеј осл. /Батајн. /Ж С/,Угриновци
Зелени Венац,Земун Поље
Земун / Кеј Ослобођења,13 Мај
Зелени Венац,Батајница
Зелени Венац,Земун Поље
Нови Београд /Блок 70А/ ,Земун Поље
Земун /Нови Град/,Земун Поље
Нови Београд/Павиљони/,Угриновци/излаз/
Батајница,Овча
Батајница,Земун
Земун,Овча
НОВИ ЖЕЛЕЗНИК,НОВИ ЖЕЛЕЗНИК
Лазаревац,Ресник
Ресник,Овча
Лазаревац,Овча
Лазаревац,Београд центар
Овча,Београд центар
Младеновац,Београд центар
ITS2 TEST START,ITS2 TEST END
Карабурма 2,Бежанијска коса /болница/
Коњарник,Земун поље
Земун /Бачка/,Медаковић 3
Карабурма 2,Видиковац
Карабурма 2,Кумодраж 2
Дорћол /Дунавска/,Насеље Браће Јерковић
Трг Републике,Миријево 4
Студентски трг,Медаковић 3
Трг Славија,Коњарник
ЖС Панчевачки мост,Кумодраж
Железничка станица Панчевачки мост,Кнежевац
Бањица 2,Звездара
Земун /Нови град/,Блок 44
Бирчанинова,Железничка станица Ресник
Устаничка,Баново брдо
Миријево,Стари Железник
Зелени Венац,Петлово брдо
Звездара 2,Бежанијска коса   
Коњарник,Калуђерица
Нови Београд /Блок 45/ ,Нова Пазова
Бањица 2,Земун /Нови Град/ 
Баново брдо,Борча 3
Земун /Кеј Ослобођења/,Нови Железник
Видиковац,Нови Београд /Блок 72/ 
Борча ,Нови Београд /Блок 45/
Омладински Стадион,Падинска Скела
Омладински Стадион,Рева /Дубока Бара/
Вуков споменик,Велико село
Трг Славија,Бегаљица
Трг Славија,Глумчево брдо
Адмирала Гепрата,Велика Моштаница
Адмирала Гепрата,Прогар
Нови Београд (Павиљони),Бусије
Адмирала Гепрата,Петровчић
Test Start 9,Test End 9
Омладински стадион,Господарска механа
Савска (окретница),Кнежевац
ДОРЋОЛ /СРЦ Милан Мушкатирови,ВУКОВ СПОМЕНИК 
Вуков споменик,Устаничка
Омладински стадион,Блок 45
Омладински стадион,Бањица
Бањица 2,СРЦ „Милан Мушкатировић“
Ташмајдан,Блок 45
Омладински стадион,Блок 45
Баново брдо,Блок 45
Омладински стадион,Бањица
Трг Републике,Карабурма 2
ГО Нови Београд,Трг Ослобођења
Трг Славија,Коњарник
Устаничка,Велики Mокри луг
Трг Славија,Учитељско насеље
Студенски трг,Трг Славија
Неимар,Трг Славија
Миријево 4,Кумодраж /Степина кућа/
Нови Београд (Блок 20),Миријево 4
Студентски трг,Звездара
Палата ,Медаковић 3
Палата ,Коњарник
Трг Републике,Вишњица
Топчидерска звезда,Пере Велимировића
Омладински стадион/улаз/,Лешће /гробље/
Савски трг,Кнежевац
Погон Космај,Мостар
Звездара,Бањица
Студентски трг,Бањица 
ЖС Панчевачки мост,Котеж
Топчидерско брдо (Сењак),Вилине воде (Темпо)
Главна железничка станица,Звездара
Устаничка,Медаковић 3
Зелени Венац,Чукаричка Падина
Савски трг,Нови Железник
Омладински стадион,Научно-технолошки парк Звездар
Блок 45,Аеродром Никола Тесла
ГО Нови Београд,Бежанијска коса
Звездара /пијаца/,Бежанијска Коса/Болница/
Дорћол /СРЦ Милан Гале Мушкатировић/,Звездара (пијаца)
Нови Београд/Павиљони/,Алтина1
Нови Београд /Похорска/,Нови Београд /Похорска/
Савски трг,Земун /Бачка/
Борча 3,Дунав станица
ЖС Панчевачки мост,Борча 3
Падинска Скела,Борча
Борча 3,Овча /Железничка Станица/
Јабучки Рит,Борча 3
Омладински Стадион,Дунавац
Блок Браће Марић,Блок Браће Марић
Падинска Скела,Чента
Устаничка,Заклопача 
Шумице  ,МЗ Велики Мокри луг
Славија /Бирчанинова/,Пиносава (3.НОВА)
Глумчево брдо,Глумчео брдо
Вождовац,Бели поток /железничка станиц/
Бањица 2,Ресник /Железничка Станица/ 
Миљаковац 1,Миљаковачке стазе
Главна Железничка Станица,Сремчица/Насеље Горица/
Баново Брдо,Сремчица /Насеље Горица/
Бежанија/Ледине/,Добановци (пумпа)
Сурчин ,Прека Калдрма
Нови Београд /Блок 45/,Јаково
Устаничка,Лештане
Бусије/Црква/,Угриновци
Земун /Кеј осл. /Батајн. /Ж С/,Батајница/Железничка станица/
Земун /Кеј Ослобођења/,Аеродром Батајница
Нови Београд /Блок 70А/ ,Железничка ст. /Земун Поље/
Земун /Нови Град/,Железничка ст. „Земун поље“
ДОРЋОЛ /СРЦ Милан Мушкатирови,УСТАНИЧКА
Бањица 2,Блок 20
Прогар,Јаково
Nontrip Service,Nontrip Service
Устаничка,Милутина Миланковића
Пристаниште,Господарска механа
Омладински стадион,Железничка станица „Топчидер“
Kaлемегдан /Беко/,Стара окретница /Булевар/
Омладински стадион,Устаничка
Устаничка,Блок 20
Бањица,Булевар Милутина Миланковића
Трг Славија,Бањица 
Савски трг,Баново брдо
Баново брдо,Булевар Милутина Миланковића
Трг Славија,Учитељско насеље
Трг Славија,Крушевачка
Медаковић 3,Војводе Влаховића /терминус/
Трг Славија,Медаковић 3
ЖС Панчевачки мост,Вишњица
Трг Републике,Лешће /гробље/
Погон Космај,Ж.Ст. "Топчидер" (Ж.Ст. Бгд ц)
Звездара,Бањица 2
Адмирала Гепрата,Бањица 2
Миријево 3 ,Миријево 3
Зелени венац,Петлово брдо (XI крајишке)
Звездара (Стара окретница),Звездара 2
Зелени Венац,Нови Београд /Блок 70А/  
Нови Београд/Павиљони/,Павла Вујисића
Видиковац,Нови Београд /Блок 61/ 
Нови Београд /Блок 45/ ,Миљаковац 1
Блок 45,Борча 3
БАЊИЦА 2,Врх Авале
БАЊИЦА 2,Пиносава
БАЊИЦА 2,Бели Поток
БАЊИЦА 2,Зуце
БАЊИЦА 2,Глумчево Брдо
Вождовац - Земљорадничка,Бели поток /Игралиште/
Бела река,Требеж (окретница)
Бањица 2,Раља /Друмине/
Миљаковац 1,Миљаковачке стазе
Железник/Тараиш/,Сремчица 
Угриновци ,Предузеће Челик
Сурчин ,Бечмен
Батајница (жел.ст.),Аеродром Батајница (Пинолес)
Земун поље /железничка станица,Земун Поље
Омладински стадион,Бањица
Дорћол СРЦ МГМ,Геозавод
Трг Славија,Кнежевац
Устаничка,Блок 45
Трг Славија,Бањица 2
Омладински стадион,Булевар Милутина Миланковића
Главна железничка станица,Баново брдо
Трг Славија,Крушевачка
Студентски трг,Бањица 2
Трг Републике,Борча 3
Трг Републике,Видиковац
Земун /Кеј Ослобођења/,Ада Циганлија
Коњарник,Ада Циганлија
Миријево ,Ада Циганлија
Бежанијска Коса,Ада Циганлија
Миљаковац 3,Ада циганлија
Стара окретница /Булевар /,Милутина Миланковићaа
Овча /железничка станица/,Борча 3
Вуков споменик,Насеље Белвил
Трг републике,Музеј савремене уметности
Вуков споменик,Музеј савремене уметности
Земун /Кеј Ослобођења/,Аеродром Батајница
Славија,Славија
Трг Републике,Земун/Нови Град/
Дорћол/Дунавска/,Браће Јерковић
Трг Републике,Миријево 3
Студентски трг,Медаковић 3
Студентски трг,Коњарник
Трг Републике,Вишњица
Студентски трг,Кумодраж
Трг Републике,Кнежевац
Трг Републике,Ресник /Железничка Станица/
Трг Републике,Миљаковац 3
Трг Републике,Беле Воде
Трг Републике,Рушањ
Трг Републике,Нови Београд /Блок 45/ 
Трг Републике,Бежанијска Коса
Трг Републике,Борча 3
Трг Републике,Падинска Скела
Трг Републике,Велико Село
Трг Републике,Бегаљица
Трг Републике,Ритопек
Славија,Велики Мокри луг
Дорћол/Дунавска/,Пиносава
Трг Републике,Сремчица
Савски трг,Добановци
Трг Републике,Угриновци
Трг Републике,Земун Поље
Трг Републике,Батајница
Трг Републике,Ресник /Железничка Станица/
Трг Републике,Вишњица
Трг Републике,Ритопек
Трг Републике,Угриновци
Трг Републике,Земун Поље
Трг Републике,Падинска Скела
Трг Републике,Гроцка
Трг Републике,Калуђерице
Трг Републике,Сремчица
ГО Нови Београд,Добановци
Трг Републике,Угриновци
Трг Славија,Ресник /Железничка Станица/
Трг Републике,Борча 3
Трг Републике,Ритопек
Трг Републике,Нови Железник
Миљаковац 2,Ресник /Железничка Станица/
Лазаревац ас,Дудовица
Лазаревац (Дудовица),Маринац
Лазаревац,Петка магистрала
Лазаревац (Завод),Рудовци село
Лазаревац (Завод),Крушевица
Врбовно Лил.кућа,Лазаревац (Лесковац)
Лазаревац,Лесковац
Лазаревац (Врбовно),Лесковац црква
Лазаревац,Врбовно
Лазаревац (Миросаљци),Гуњевац окретница
Лазаревац (Араповац),Гуњевац окретница
Лазаревац (Соколово),Арнајево
Велики Црљени ,Соколово
Велики Црљени,Арнајево
Лазаревац,Вреоци
Лазаревац (Бистрица),Шарена капија
Лазаревац (Завод-Пркосава),Стрмово
Лазаревац (Бистрица),Рудовци
Лазаревац (Бистрица),Крушевица
Лазаревац,Дрен
Лазаревац,Лукавица
Лазаревац (Бурово),Пркосава
Рудовци,Пркосава
Лазаревац (Бурово),Зеоке
Лазаревац  АС,Барошевац (монтажа)
Стрмово,Барошевац
Лазаревац (Брајковац),Дудовица
Лазаревац,Брајковац 
Лазаревац,Сумеђ
Обреновац-Барич Рампа ,Обреновац
Обреновац-Барич Рампа,Барич Рампа
Барич (амбуланта),Дубоко
Обреновац,Забрежје
Обреновац (ОШ Змај -Младост),Тент А
Обреновац,Младост
Обреновац (Уровци-Кртинска),Младост
Тент А (Бора Кечић-Бело Поље),Тент А
Тент А (Бора Кечић),Тент А
Тент А (В. пут-Звечка-Ш. пут),Тент А
Тент А (В. пут-Звечка-Ш. пут),Тент А
ОШ J.Ј.Змај,Тент А
Гај (Ројковац-Шабачким путем),Звечка
Звечка (Шабачким путем),Тент А
Гај (Ројковац-Ваљевским путем),Звечка (Чеде Тодоровића)
Обреновац,Аутобаза
Обреновац,Звечка 
Обреновац (Ратари),Обреновац
Обреновац (Скела),Обреновац
Обреновац (Ушће),Обреновац
Обреновац АС,Ушће (ТЕНТ II)
Обреновац (Јасенак-Шумадија),Обреновац
Обреновац,Јасенак (пуж)
Обреновац,Баљевац
Обреновац,Баљевац
Обреновац,Конатице
Обреновац (Баљевац),Конатице
Обреновац (Јасенак-Баљевац),Конатице
Обреновац (Конатице),Јасенак
Обреновац (Јасенак),Баљевац (дом)
Обреновац (Јасенак),Баљевац (Ибарска магистрала)
Обреновац,Степојевац
Обреновац (Степојевац),Лазаревац
Лазаревац (Пољане-Стублине),Обреновац
Обреновац (В. Поље-Горњи краj),Велико Поље (Стаменића Крај)
Обреновац,Велико Поље (Стаменића Крај)
Обреновац (В. Поље-Стублинe),Обреновац
Обреновац (Стублине),Пољане
Обреновац,Пољане
Обреновац,Пироман 
Пироман (Звечка),Обреновац
Обреновац,Трстеница(Дом)
Обреновац (Трстеница),Обреновац
Обреновац,Бровић
Обреновац,Бровић (Матићи)
Пироман ,Обреновац
Обреновац,Пироман 
Обреновац,Грабовац
Обреновац,Иверић
Обреновац,Дрен 
Обреновац (Дрен),Вукићевица
Обреновац (Орашац),Вукићевица
Љубинић (Орашац),Обреновац
Обреновац,Вукићевица
Обреновац (Орашац),Вукићевица
Обреновац (Грабовац),Дрен 
Обреновац (Љубинић),Вукићевица
Обреновац (Вукићевица),Љубинић
Обреновац (Грабовац),Љубинић
Љубинић (Вукићевица),Обреновац
Обреновац,Бровић
Барајево (Баћевац-Бождаревац),Барајево
Барајево (Баћевац-Бождаревац),Барајево
Барајево,Велики Борак
Барајево - В.Борак,Бождаревац
Барајево (Гунцати-Бождаревац),Барајево
Барајево (Гунцати-Баћевац),Барајево
Барајево АС (Пајшума),Губеревац
Барајево АС,Губеревац
Рогача (Сибница),Барајево
Рогача (Сопот - Сибница),Барајево
Барајево (Дрлупа),Рогача
Барајево,Рогача
Барајево (Арнајево),Термоелектарана
Барајево АС (Спасовина),Арнајево
Барајево АС,Арнајево
Барајево АС (Манић-Рожанци...),Барајево
Барајево АС (Арнајево-Рожанци),Барајево
Барајево АС (Манић-Рожанци),Барајево
Барајево АС (Манић),Барајево
Барајево АС,Рожанци
Барајево АС (Спасовина),Рожанци
Барајево АС (Рожанци-Манић),Барајево
Барајево (Гунцати-Вранић...),Барајево
Барајево (Шиљаковац-Дубраве..),Барајево
Барајево (Шиљаковац-Тараиш...),Барајево
Барајево (Гунц.-Вран.-Р Крај),Барајево
Барајево (Гунц.-Вран.-Р Крај),Барајево
Барајево (Шиљаковац-Вранић...),Барајево
Барајево (Вранић-Тараиш...),Барајево
Барајево АС (Липовица-Г. Брдо),Барајево
Барајево (Требеж-С.Липовица..),Барајево
Барајево (Требеж-С.Липовица..),Барајево
Барајево (СР.Крај-Караула),Барајево
Барајево (Караула - СР.Крај),Барајево
Барајево,Ново Насеље
Насеље Гај,Барајево
Барајево АС ,Равни Гај
Барајево АС (Насеље),Равни Гај
Барајево (Сремчица-Мељак...),Барајево
Гроцка (Камендо),Умчари
Дражањ,Гроцка
Живковац (Камендо),Гроцка
Младеновац (Ковачевац),Велика Крсна (Окретница)
Младеновац,Велика Крсна (окретница)
Младеновац,Велика Крсна (окретница)
Младеновац,Ковачевац /Чот/
Младеновац,Ковачевац (Марићи)
Младеновац,Младеновац
Младеновац (Глишићи),Рабровац (Шуме Марошевац)
Младеновац,Глишићи
Младеновац,Јагњило (Бељаковићи)
Младеновац (Кленац-Јагњило),Рабровац
Младеновац,Шуме
Младеновац (Кленац-Јагњило),Младеновац
Младеновац (Међулужје-Селтерс),Младеновац
Младеновац,Марковац
Младеновац,Марковац
Младеновац (Црквине-Бељевац),Младеновац
Младеновац (Црквине-Међулужје),Младеновац
Младеновац (Марковац),Бељевац
Младеновац (Марковац-Бељевац),Младеновац
Младеновац (Марковац-Бељевац),Младеновац
Младеновац (Међулужје-Црквине),Младеновац
Младеновац (Бељевац-Марковац),Младеновац
Младеновац,Велика Иванча (Стругара)
Младеновац,Пружатовац
Младеновац,Велика Иванча (Метаљка)
Младеновац,Велика Иванча (Метаљка)
Младеновац (Амерић),Младеновац
Младеновац (Амерић),Младеновац
Младеновац,Космај (Златар)
Младеновац (Селтерс),Кораћица (Змајевац)
Младеновац (Селтерс-Петкаћи),Кораћица (Змајевац)
Младеновац,Сопот
Младеновац (С.Влашка-К. пут)),Младеновац
Младеновац,Село Влашка
Младеновац (К. пут-С.Влашка),Младеновац
Младеновац (Врбица-Рајковац),Младеновац
Младеновац,Доња Дубона
Младеновац,Дубона
Младеновац,Шепшин (чесма)
Младеновац (Дубона--Шепшин),Младеновац
Младеновац (Дубона--Шепшин),Младеновац
Градска 1 (Село Младеновац),Прогрес
Градска 1 (Село Младеновац),Прогрес
Градска 2 (Развитак),Драпшин
Градска 2 (Развитак),Аутобуска станица
Градска 3 (Рајковац),Кораћичка бања
Градска 4 (Село Младеновац),Међулужје
Градска 4 викенд (Село Младеновац),Аутобуска станица
Младеновац,Ковачевац (Пут за Клисуру)
Младеновац,Ковачевац - Младеновац
Градска 2А (Младеновац),Развитак
Младеновац,Аутоцентар
Градска 5 (Границе),Трстена
Сопот,Парцани
Сопот (Парцани-Бабе),Стојник
Сопот (Парцани-Дучина),Стојник
Сопот (Раља),Парцани
Сопот,Сибница
Сопот,Сибница (Гробље)
Сопот (Миросаљци),Сибница (Гробље)
Сопот,Неменикуће
Сопот (Рогача-Дрлупа),Сибница
Сопот (Рогача-Дрлупа),Сибница
Сопот (Дрлупа-Слатина),Сибница
Сопот (Слатина),Сибница
Сопот (Дрлупа),Сибница
Сопот (Дрлупа-Слатина),Сибница
Сопот (Тресије),Рогача (Мала ћуприја)
Сопот (Тресије),Рогача (Окретница)
Сопот (Дрлупа-Слатина),Барајево
Сопот (Дучина-Слатина),Барајево
Сопот (Ђуринци),Младеновац
Сопот,Ђуринци
Младеновац(Бакчина-Неменикуће),Сопот
Сопот (М.Иванча-М. Пожаревац),Младеновац
Сопот (М.Иванча-М. Пожаревац),Сенаја
Сопот (М.Иванча),Мали Пожаревац
Сопот (Станојевац-М.Пожаревац),Сенаја
Сопот,Мали Пожаревац
Сопот (Дрлупа-Сибница),Барајево
Сопот (Дрлупа),Барајево
Барајево (Сибница),Сопот
Сопот (Дрлупа-Слатина),Барајево
Сопот (Дучина-Слатина),Барајево
Сопот,Бабе
Сопот,Стојник
Сопот (Губеревац-Стојник),Сопот
Сопот,Губеревац
Шумице,Дражањ (Гроцка)
Шумице,Дражањ (Аутопутем)
Дражањ (Живковац),Шумице(Аутопутем)
Шумице(Врчин-Заклопача-Гроцка),Камендо
Шумице(Врчин-Заклопача-Гроцка),Живковац
Шумице (Врчин-Заклопача),Гроцка
Шумице (Живковац),Дражањ
Шумице ,Дражањ
Шумице (Гроцка-Брестовик),Пударци
Шумице,Живковац (преко Гроцке)
Шумице (Живковац),Дражањ
Шумице (Камендо),Живковац
Живковац,Шумице (Аутопутем)
Живковац,Шумице (Преко Гроцке)
Шумице (Преко Гроцке),Живковац
Шумице (аутопутем),Камендол
Камендо,Шумице (аутопутем)
Београд,Сопот (Авалски пут)
Београд,Стојник
Београд,М. Иванча (Аутопутем)
Београд,М. Иванча (Аутопутем)
Шумице (Равнице),Врчин
Шумице (Врчин),Врчин (Авалски пут)
Шумице (Врчин-Јаричиште),Рамнице
Шумице (Врчин-Јаричиште),Рамнице
Сопот (М. Поповић-М.Пожаревац), Београд (аутопутем)
Сопот (Станојевац), Београд (аутопутем)
Сопот (Станојевац), Београд (аутопутем)
Сопот (Станојевац-Славија), Београд (аутопутем)
Београд (Јаричиште),Врчин Центар 
Београд (Врчин Центар),Гроцка
Београд,М. Иванча (Авалским путем )
Београд,М. Иванча (Авалским путем )
Београд,Парцани 
Београд,Младеновац
Београд,Младеновац
Београд, Младеновац ( Аутопутем )
Београд, Младеновац ( Аутопутем )
Младеновац (Сенаја),Београд
Младеновац(М.Пожаревац-Сенаја), Београд
Младеновац, Београд
Баново Брдо,Барајево
Баново Брдо (Сремчица),Барајево
Београд АС,Барајево
Барајево,Баново Брдо
Барајево,Баново Брдо
Београд,Лазаревац
Београд,Лазаревац (Дом Здравља)
Београд (Експрес),Лазаревац
Београд,Трбушница
Београд,Крушевица
Београд,Миросаљци (Гуњевац)
Баново Брдо,Термоелектарана
Београд,Миросаљци 
Баново Брдо (Вранић),Тараиш
Баново Брдо,Рашића Крај
Баново Брдо,Дражевац
Баново Брдо (Мељак),Тараиш
Баново Брдо,Рашића крај
Баново Брдо,Шиљаковац
БАС,Обреновац 
БАС,Обреновац 
Обреновац ,БАС
Баново Брдо,Велика Моштаница
Сопот (М.Иванча-М. Пожаревац),Београд
Барајево (Баћевац-Вранић...),Обреновац 
Лазаревац,Степојевац
Обреновац,Скела
Обреновац,Пироман - Центар
Пироман,Обреновац
Обреновац (Орашац),Вукићевица
Вукићевица,Обреновац
Сопот (М.Иванча-М. Пожаревац),Сопот
Барајево,Гунцати
Барајево,Шиљаковац
Градска 5 (Трстена) ,Минел
Сопот (Слатина),Сибница
Сопот (Слатина-Манић),Сибница
АС Обреновац ,Сурчин 
Дрен школа,Лазаревац
Градска 5 (Ул. Николе Пашића),Трстена
Градска 5 (Границе) ,Пијац
Градска 5 (Општина),Границе
Сопот (АС),Сибница (Окретница)
Сопот (АС),Стојник (окретница)
Младеновац (ул.Николе Пашића),Младеновац (Прогрес)
Сопот,Стојник
Марошевац,Младеновац
Глишићи,Младеновац
Стојник,Београд
Сопот (Стојник - Дучина),Стојник
Сопот (Слатина Trafo),Сибница
Београд,Врчин Центар
Барајево АС (С.Крај-Липовица),Барајево
Рабровац (Шуме),Младеновац
Велика Крсна (окретница),Младеновац
Сопот (Рогача преки пут-Дрлупа,Сибница
Космај - Тресије,Сопот
БАС-Индустр. зона Барич,Обреновац
Обреновац (Степојевац),Лазаревац
БАС,М.Моштан. - Инд. зона 
БАС,Степојевац
БАС,БАРИЧ /АМБУЛАНТА/
Индустријска зона ,АС Лазаревац
БАС,Дражевац
Баново брдо,Баљевац (Ибарска магистрала)
Баново брдо,Пољане (Доњи крај)
БАС,Јасенак (пуж)
Индустријска зона ,Вукићевица
Младеновац ,Јагњило(Бељаковићи)
Индустријска зона ,Ушће (окретница)
БАС,Индустријска зона 
ЖС Лазаревац,АС Лазаревац
Барајево,Баћевац (Барајево)
Живковац,Живковац
Шумице,Дражањ (Гроцка)
Шумице,Дражањ
Младеновац,Глишићи
Шумице ,Дражањ
Гроцка,Младеновац
Сопот (Парцани-Бабе-Стојник),Стојник
Сопот-Сења-Ђуринци,Ропочево
Младеновац ,Рабровац ( Марошевац - Шуме)
Глишићи,Младеновац
Младеновац,Шуме
 Београд (аутопутем),Сопот (Станојевац)
Врчин (Авалски пут),Врчин (Авалски пут)
Београд, Младеновац ( Аутопутем )
Београд,Лазаревац (преко Ибарске)
Општина Младеновац,КЦС
Општина Младеновац,КБЦ Звездара
Општина Младеновац,КБЦ Земун
Општина Младеновац,КБЦ Бежанијска Коса
Општина Младеновац,КБЦ Драгиша Мишовић
Општина Сопот,КЦС
Општина Сопот,КБЦ Звездара
Општина Сопот,КБЦ Земун
Општина Сопот,КБЦ Бежанијска Коса
Општина Сопот,КБЦ Драгиша Мишовић
Општина Барајево,КЦС
Општина Барајево ,КБЦ Звездара
Општина Барајево,КБЦ Земун
Општина Барајево,КБЦ Бежанијска Коса
Општина Барајево,КБЦ Драгиша Мишовић
Општина Лазаревац,КЦС
Општина Лазаревац,КБЦ Звездара
Општина Лазаревац,КБЦ Земун
Општина Лазаревац,КБЦ Бежанијска Коса
Општина Лазаревац,КБЦ Драгиша Мишовић
Општина Сурчин,КЦС
Општина Сурчин,КБЦ Звездара
Општина Сурчин,КБЦ Земун
Општина Сурчин,КБЦ Бежанијска Коса
Општина Сурчин,КБЦ Драгиша Мишовић
Општина Обреновац,КЦС
Општина Обреновац,КБЦ Звездара
Општина Обреновац,КБЦ Земун
Општина Обреновац,КБЦ Бежанијска Коса
Општина Обреновац,КБЦ Драгиша Мишовић
Дражањ (центар),КЦС
Дражањ (центар),КБЦ Звездара
Дражањ (центар),КБЦ Земун
Дражањ (центар),КБЦ Бежанијска коса
Дражањ (центар),КБЦ Драгиша Мишовић
Дражањ (центар),КЦС
Живковац,КЦС
Општина Младеновац,Зелени венац 
Општина Сопот,Зелени венац
Општина Барајево,Зелени венац
Општина Лазаревац,Зелени венац
Општина Сурчин,Зелени венац
Општина Обреновац,Зелени венац
Дражањ (центар),Зелени венац
ДЗ Барајево,Зелени венац
ДЗ Лазаревац,Зелени венац
Аутобаза,Обреновац
Обреновац,Аутобаза
Младеновац,Јагњило (Бељаковићи)
Обреновац АС - Грабовац,Вукићевица
Nontrip Service,Nontrip Service
test A,test B
Устаничка,Блок 45
Петлово брдо,Трг републике
Миријево 4,Нови Београд /Блок 45/
Кумодраж,Студентски трг
Трг Славија,Аеродром 
